Words,Book 1,Book 2,Book 3
to,-0.0,-0.0
i,0.14840182648401826,0.45595854922279794
it,0.5182648401826484,0.47150259067357514
is,0.5342465753424658,0.5008635578583766
for,0.5662100456621004,0.6010362694300518
my,0.5776255707762558,0.6614853195164075
that,0.6141552511415526,0.6649395509499136
with,0.632420091324201,0.6822107081174439
his,0.6415525114155252,0.696027633851468
was,0.6894977168949772,0.7012089810017271
by,0.6963470319634704,0.7167530224525043
he,0.7009132420091324,0.7305699481865285
which,0.7054794520547946,0.7357512953367875
at,0.7123287671232876,0.772020725388601
they,0.726027397260274,0.7754749568221071
on,0.726027397260274,0.7789291882556131
are,0.730593607305936,0.7789291882556131
had,0.7442922374429224,0.7823834196891192
but,0.7557077625570776,0.7858376511226253
have,0.7648401826484018,0.7892918825561313
me,0.7671232876712328,0.7962003454231433
who,0.776255707762557,0.8100172711571675
not,0.7785388127853882,0.8238341968911918
as,0.7808219178082192,0.8324697754749568
their,0.8082191780821918,0.844559585492228
her,0.8127853881278538,0.8480138169257341
them,0.8264840182648402,0.8549222797927462
all,0.8287671232876712,0.8635578583765112
from,0.8378995433789954,0.8652849740932642
has,0.8378995433789954,0.8704663212435233
him,0.8401826484018264,0.8739205526770294
this,0.8447488584474886,0.8791018998272885
one,0.8470319634703196,0.8825561312607945
what,0.8493150684931506,0.8842832469775475
so,0.8561643835616438,0.8911917098445595
she,0.8698630136986302,0.8929188255613126
we,0.8721461187214612,0.8963730569948186
you,0.8744292237442922,0.8963730569948186
or,0.8767123287671232,0.8981001727115717
up,0.8904109589041096,0.9050086355785838
these,0.8926940639269406,0.9050086355785838
its,0.8926940639269406,0.9119170984455959
when,0.8995433789954338,0.9136442141623489
be,0.8995433789954338,0.9136442141623489
little,0.9018264840182648,0.9136442141623489
first,0.9018264840182648,0.9153713298791019
no,0.906392694063927,0.917098445595855
then,0.908675799086758,0.918825561312608
life,0.908675799086758,0.927461139896373
out,0.908675799086758,0.927461139896373
there,0.908675799086758,0.927461139896373
without,0.910958904109589,0.927461139896373
were,0.91324200913242,0.9291882556131261
some,0.9155251141552512,0.9309153713298791
see,0.9155251141552512,0.9326424870466321
other,0.9178082191780822,0.9360967184801382
us,0.9178082191780822,0.9360967184801382
only,0.9200913242009132,0.9360967184801382
more,0.9223744292237442,0.9378238341968912
two,0.9223744292237442,0.9378238341968912
like,0.9246575342465754,0.9378238341968912
will,0.9246575342465754,0.9412780656303973
old,0.9246575342465754,0.9430051813471503
those,0.9292237442922374,0.9447322970639033
our,0.9292237442922374,0.9447322970639033
if,0.9292237442922374,0.9447322970639033
now,0.9315068493150684,0.9447322970639033
do,0.9315068493150684,0.9481865284974094
been,0.9315068493150684,0.9481865284974094
every,0.9315068493150684,0.9481865284974094
again,0.9337899543378996,0.9499136442141624
before,0.9337899543378996,0.9499136442141624
day,0.9360730593607306,0.9499136442141624
into,0.9360730593607306,0.9516407599309153
upon,0.9360730593607306,0.9516407599309153
great,0.9383561643835616,0.9516407599309153
child,0.9383561643835616,0.9533678756476683
just,0.9406392694063926,0.9533678756476683
can,0.9429223744292238,0.9533678756476683
would,0.9429223744292238,0.9533678756476683
man,0.9429223744292238,0.9550949913644214
left,0.9452054794520548,0.9568221070811744
make,0.9452054794520548,0.9585492227979274
look,0.9452054794520548,0.9585492227979274
eyes,0.9452054794520548,0.9585492227979274
come,0.9452054794520548,0.9585492227979274
made,0.9474885844748858,0.9602763385146805
myself,0.9474885844748858,0.9602763385146805
down,0.9474885844748858,0.9602763385146805
should,0.9474885844748858,0.9602763385146805
long,0.9474885844748858,0.9602763385146805
world,0.9497716894977168,0.9602763385146805
time,0.952054794520548,0.9602763385146805
always,0.952054794520548,0.9602763385146805
off,0.952054794520548,0.9620034542314335
take,0.952054794520548,0.9620034542314335
same,0.954337899543379,0.9620034542314335
work,0.954337899543379,0.9620034542314335
while,0.954337899543379,0.9637305699481865
last,0.954337899543379,0.9637305699481865
said,0.954337899543379,0.9654576856649395
here,0.95662100456621,0.9671848013816926
over,0.95662100456621,0.9671848013816926
nothing,0.95662100456621,0.9671848013816926
am,0.95662100456621,0.9671848013816926
too,0.95662100456621,0.9671848013816926
where,0.95662100456621,0.9671848013816926
than,0.958904109589041,0.9671848013816926
poor,0.958904109589041,0.9671848013816926
your,0.958904109589041,0.9671848013816926
such,0.958904109589041,0.9689119170984456
how,0.958904109589041,0.9689119170984456
many,0.9611872146118722,0.9689119170984456
through,0.9611872146118722,0.9689119170984456
open,0.9611872146118722,0.9689119170984456
find,0.9611872146118722,0.9689119170984456
paris,0.9634703196347032,0.9689119170984456
why,0.9634703196347032,0.9706390328151986
took,0.9634703196347032,0.9706390328151986
back,0.9634703196347032,0.9706390328151986
go,0.9634703196347032,0.9706390328151986
own,0.9634703196347032,0.9706390328151986
each,0.9634703196347032,0.9706390328151986
himself,0.9657534246575342,0.9706390328151986
good,0.9657534246575342,0.9723661485319517
much,0.9657534246575342,0.9723661485319517
moment,0.9680365296803652,0.9723661485319517
alone,0.9680365296803652,0.9723661485319517
young,0.9680365296803652,0.9723661485319517
mind,0.9680365296803652,0.9723661485319517
know,0.9680365296803652,0.9723661485319517
happy,0.9680365296803652,0.9723661485319517
seen,0.9680365296803652,0.9740932642487047
put,0.9680365296803652,0.9740932642487047
everything,0.9680365296803652,0.9740932642487047
mother,0.9680365296803652,0.9740932642487047
may,0.9680365296803652,0.9740932642487047
soon,0.9703196347031964,0.9740932642487047
others,0.9703196347031964,0.9740932642487047
themselves,0.9703196347031964,0.9740932642487047
light,0.9703196347031964,0.9740932642487047
suddenly,0.9703196347031964,0.9740932642487047
attic,0.9703196347031964,0.9758203799654577
new,0.9703196347031964,0.9758203799654577
whom,0.9703196347031964,0.9758203799654577
does,0.9703196347031964,0.9758203799654577
walk,0.9703196347031964,0.9758203799654577
window,0.9703196347031964,0.9775474956822107
flowers,0.9703196347031964,0.9775474956822107
give,0.9703196347031964,0.9775474956822107
sight,0.9703196347031964,0.9775474956822107
never,0.9726027397260274,0.9775474956822107
after,0.9726027397260274,0.9775474956822107
sister,0.9726027397260274,0.9775474956822107
given,0.9726027397260274,0.9775474956822107
happiness,0.9726027397260274,0.9775474956822107
brought,0.9726027397260274,0.9775474956822107
let,0.9726027397260274,0.9775474956822107
evening,0.9726027397260274,0.9775474956822107
away,0.9726027397260274,0.9792746113989638
went,0.9726027397260274,0.9792746113989638
live,0.9726027397260274,0.9792746113989638
carnival,0.9726027397260274,0.9792746113989638
days,0.9726027397260274,0.9792746113989638
frances,0.9726027397260274,0.9792746113989638
place,0.9748858447488584,0.9792746113989638
few,0.9748858447488584,0.9792746113989638
another,0.9748858447488584,0.9792746113989638
most,0.9748858447488584,0.9792746113989638
could,0.9748858447488584,0.9810017271157168
year,0.9748858447488584,0.9810017271157168
years,0.9748858447488584,0.9810017271157168
part,0.9748858447488584,0.9810017271157168
paulette,0.9748858447488584,0.9810017271157168
taken,0.9748858447488584,0.9810017271157168
pleasure,0.9748858447488584,0.9810017271157168
morning,0.9748858447488584,0.9810017271157168
whose,0.9748858447488584,0.9810017271157168
madeleine,0.9748858447488584,0.9810017271157168
found,0.9771689497716894,0.9810017271157168
between,0.9771689497716894,0.9810017271157168
came,0.9771689497716894,0.9810017271157168
crowd,0.9771689497716894,0.9810017271157168
think,0.9771689497716894,0.9810017271157168
under,0.9771689497716894,0.9810017271157168
fresh,0.9771689497716894,0.9810017271157168
thoughts,0.9771689497716894,0.9810017271157168
among,0.9771689497716894,0.9810017271157168
air,0.9771689497716894,0.9810017271157168
being,0.9771689497716894,0.9810017271157168
poverty,0.9771689497716894,0.9810017271157168
replied,0.9771689497716894,0.9810017271157168
lives,0.9771689497716894,0.9810017271157168
around,0.9771689497716894,0.9827288428324698
still,0.9771689497716894,0.9827288428324698
children,0.9771689497716894,0.9827288428324698
passed,0.9771689497716894,0.9827288428324698
seemed,0.9771689497716894,0.9827288428324698
head,0.9771689497716894,0.9827288428324698
way,0.9771689497716894,0.9827288428324698
any,0.9794520547945206,0.9827288428324698
did,0.9794520547945206,0.9827288428324698
well,0.9794520547945206,0.9827288428324698
toward,0.9794520547945206,0.9827288428324698
comes,0.9794520547945206,0.9827288428324698
feel,0.9794520547945206,0.9827288428324698
streets,0.9794520547945206,0.9827288428324698
makes,0.9794520547945206,0.9827288428324698
neighbors,0.9794520547945206,0.9827288428324698
men,0.9794520547945206,0.9844559585492227
both,0.9794520547945206,0.9844559585492227
ah,0.9794520547945206,0.9844559585492227
since,0.9794520547945206,0.9844559585492227
get,0.9794520547945206,0.9844559585492227
family,0.9794520547945206,0.9844559585492227
people,0.9794520547945206,0.9844559585492227
hour,0.9794520547945206,0.9844559585492227
going,0.9794520547945206,0.9844559585492227
rest,0.9794520547945206,0.9844559585492227
sun,0.9794520547945206,0.9844559585492227
sisters,0.9794520547945206,0.9844559585492227
father,0.9817351598173516,0.9844559585492227
thus,0.9817351598173516,0.9844559585492227
itself,0.9817351598173516,0.9844559585492227
end,0.9817351598173516,0.9844559585492227
house,0.9817351598173516,0.9844559585492227
shop,0.9817351598173516,0.9844559585492227
herself,0.9817351598173516,0.9844559585492227
door,0.9817351598173516,0.9844559585492227
windows,0.9817351598173516,0.9844559585492227
voice,0.9817351598173516,0.9844559585492227
yet,0.9817351598173516,0.9844559585492227
thought,0.9817351598173516,0.9861830742659758
cold,0.9817351598173516,0.9861830742659758
within,0.9817351598173516,0.9861830742659758
become,0.9817351598173516,0.9861830742659758
room,0.9817351598173516,0.9861830742659758
country,0.9817351598173516,0.9861830742659758
m,0.9817351598173516,0.9861830742659758
looked,0.9817351598173516,0.9861830742659758
side,0.9817351598173516,0.9861830742659758
very,0.9840182648401826,0.9861830742659758
gave,0.9840182648401826,0.9861830742659758
perhaps,0.9840182648401826,0.9861830742659758
newyears,0.9840182648401826,0.9861830742659758
sunshine,0.9840182648401826,0.9861830742659758
name,0.9840182648401826,0.9861830742659758
opened,0.9840182648401826,0.9861830742659758
return,0.9840182648401826,0.9861830742659758
bread,0.9840182648401826,0.9861830742659758
god,0.9840182648401826,0.9861830742659758
rich,0.9840182648401826,0.9861830742659758
human,0.9840182648401826,0.9861830742659758
ones,0.9840182648401826,0.9861830742659758
want,0.9840182648401826,0.9861830742659758
often,0.9840182648401826,0.9861830742659758
times,0.9840182648401826,0.9861830742659758
shall,0.9840182648401826,0.9861830742659758
fear,0.9840182648401826,0.9861830742659758
hear,0.9840182648401826,0.9879101899827288
hand,0.9840182648401826,0.9879101899827288
knows,0.9840182648401826,0.9879101899827288
corner,0.9840182648401826,0.9879101899827288
antoine,0.9840182648401826,0.9879101899827288
yes,0.9840182648401826,0.9879101899827288
leave,0.9840182648401826,0.9879101899827288
dress,0.9840182648401826,0.9879101899827288
things,0.9840182648401826,0.9879101899827288
seems,0.9840182648401826,0.9879101899827288
humble,0.9840182648401826,0.9879101899827288
street,0.9840182648401826,0.9879101899827288
hope,0.9840182648401826,0.9879101899827288
public,0.9863013698630136,0.9879101899827288
met,0.9863013698630136,0.9879101899827288
history,0.9863013698630136,0.9879101899827288
pierre,0.9863013698630136,0.9879101899827288
even,0.9863013698630136,0.9879101899827288
green,0.9863013698630136,0.9879101899827288
gifts,0.9863013698630136,0.9879101899827288
wood,0.9863013698630136,0.9879101899827288
called,0.9863013698630136,0.9879101899827288
once,0.9863013698630136,0.9879101899827288
birds,0.9863013698630136,0.9879101899827288
carriage,0.9863013698630136,0.9879101899827288
shut,0.9863013698630136,0.9879101899827288
midst,0.9863013698630136,0.9879101899827288
love,0.9863013698630136,0.9879101899827288
thanks,0.9863013698630136,0.9879101899827288
almost,0.9863013698630136,0.9879101899827288
thousand,0.9863013698630136,0.9896373056994818
care,0.9863013698630136,0.9896373056994818
changed,0.9863013698630136,0.9896373056994818
begins,0.9863013698630136,0.9896373056994818
stove,0.9863013698630136,0.9896373056994818
different,0.9863013698630136,0.9896373056994818
gone,0.9863013698630136,0.9896373056994818
slowly,0.9863013698630136,0.9896373056994818
home,0.9863013698630136,0.9896373056994818
means,0.9863013698630136,0.9896373056994818
whole,0.9863013698630136,0.9896373056994818
half,0.9863013698630136,0.9896373056994818
stopped,0.9863013698630136,0.9896373056994818
say,0.9863013698630136,0.9896373056994818
contrary,0.9863013698630136,0.9896373056994818
fly,0.9863013698630136,0.9896373056994818
joy,0.9863013698630136,0.9896373056994818
forgotten,0.9885844748858448,0.9896373056994818
souvestre,0.9885844748858448,0.9896373056994818
son,0.9885844748858448,0.9896373056994818
follow,0.9885844748858448,0.9896373056994818
de,0.9885844748858448,0.9896373056994818
character,0.9885844748858448,0.9913644214162349
till,0.9885844748858448,0.9913644214162349
chapter,0.9885844748858448,0.9913644214162349
month,0.9885844748858448,0.9913644214162349
ages,0.9885844748858448,0.9913644214162349
looks,0.9885844748858448,0.9913644214162349
turned,0.9885844748858448,0.9913644214162349
future,0.9885844748858448,0.9913644214162349
holiday,0.9885844748858448,0.9913644214162349
fire,0.9885844748858448,0.9913644214162349
already,0.9885844748858448,0.9913644214162349
smiling,0.9885844748858448,0.9913644214162349
bring,0.9885844748858448,0.9913644214162349
money,0.9885844748858448,0.9913644214162349
riches,0.9885844748858448,0.9913644214162349
hard,0.9885844748858448,0.9913644214162349
above,0.9885844748858448,0.9913644214162349
because,0.9885844748858448,0.9913644214162349
instead,0.9885844748858448,0.9913644214162349
value,0.9885844748858448,0.9913644214162349
followed,0.9885844748858448,0.9913644214162349
seek,0.9885844748858448,0.9913644214162349
solitude,0.9885844748858448,0.9913644214162349
silence,0.9885844748858448,0.9913644214162349
set,0.9885844748858448,0.9913644214162349
longer,0.9885844748858448,0.9913644214162349
recollections,0.9885844748858448,0.9913644214162349
forth,0.9885844748858448,0.9913644214162349
cannot,0.9885844748858448,0.9913644214162349
near,0.9885844748858448,0.9913644214162349
low,0.9885844748858448,0.9913644214162349
told,0.9885844748858448,0.9913644214162349
singing,0.9885844748858448,0.9913644214162349
walking,0.9885844748858448,0.9913644214162349
step,0.9885844748858448,0.9913644214162349
heard,0.9885844748858448,0.9913644214162349
ready,0.9885844748858448,0.9913644214162349
wonder,0.9885844748858448,0.9913644214162349
share,0.9885844748858448,0.9913644214162349
enjoyment,0.9885844748858448,0.9913644214162349
sometimes,0.9885844748858448,0.9913644214162349
passing,0.9885844748858448,0.9913644214162349
able,0.9885844748858448,0.9913644214162349
speak,0.9885844748858448,0.9913644214162349
write,0.9885844748858448,0.9913644214162349
gardens,0.9885844748858448,0.9913644214162349
louvre,0.9885844748858448,0.9913644214162349
denis,0.9885844748858448,0.9913644214162349
feeling,0.9885844748858448,0.9930915371329879
habits,0.9885844748858448,0.9930915371329879
earth,0.9885844748858448,0.9930915371329879
age,0.9885844748858448,0.9930915371329879
lost,0.9885844748858448,0.9930915371329879
holy,0.9885844748858448,0.9930915371329879
remains,0.9908675799086758,0.9930915371329879
kept,0.9908675799086758,0.9930915371329879
past,0.9908675799086758,0.9930915371329879
surrounded,0.9908675799086758,0.9930915371329879
clouds,0.9908675799086758,0.9930915371329879
together,0.9908675799086758,0.9930915371329879
knowledge,0.9908675799086758,0.9930915371329879
course,0.9908675799086758,0.9930915371329879
small,0.9908675799086758,0.9930915371329879
close,0.9908675799086758,0.9930915371329879
far,0.9908675799086758,0.9930915371329879
hours,0.9908675799086758,0.9930915371329879
yesterday,0.9908675799086758,0.9930915371329879
dream,0.9908675799086758,0.9930915371329879
city,0.9908675799086758,0.9930915371329879
meet,0.9908675799086758,0.9930915371329879
doubt,0.9908675799086758,0.9930915371329879
wishes,0.9908675799086758,0.9930915371329879
eat,0.9908675799086758,0.9930915371329879
daily,0.9908675799086758,0.9930915371329879
large,0.9908675799086758,0.9930915371329879
interrupted,0.9908675799086758,0.9930915371329879
sparrows,0.9908675799086758,0.9930915371329879
town,0.9908675799086758,0.9930915371329879
woman,0.9908675799086758,0.9930915371329879
besides,0.9908675799086758,0.9930915371329879
full,0.9908675799086758,0.9930915371329879
something,0.9908675799086758,0.9930915371329879
round,0.9908675799086758,0.9930915371329879
sit,0.9908675799086758,0.9930915371329879
short,0.9908675799086758,0.9930915371329879
grandmother,0.9908675799086758,0.9930915371329879
wind,0.9908675799086758,0.9930915371329879
settled,0.9908675799086758,0.9930915371329879
began,0.9908675799086758,0.9930915371329879
coat,0.9908675799086758,0.9930915371329879
three,0.9908675799086758,0.9930915371329879
lighted,0.9908675799086758,0.9930915371329879
lamp,0.9908675799086758,0.9930915371329879
turns,0.9908675799086758,0.9930915371329879
laughter,0.9908675799086758,0.9930915371329879
struck,0.9908675799086758,0.9930915371329879
oclocki,0.9908675799086758,0.9930915371329879
grand,0.9908675799086758,0.9930915371329879
ask,0.9908675799086758,0.9930915371329879
ground,0.9908675799086758,0.9930915371329879
run,0.9908675799086758,0.9930915371329879
learn,0.9908675799086758,0.9930915371329879
indeed,0.9908675799086758,0.9930915371329879
friend,0.9908675799086758,0.9930915371329879
white,0.9908675799086758,0.9930915371329879
water,0.9908675799086758,0.9930915371329879
dinner,0.9908675799086758,0.9930915371329879
perceived,0.9908675799086758,0.9930915371329879
behind,0.9908675799086758,0.9930915371329879
cried,0.9908675799086758,0.9930915371329879
really,0.9908675799086758,0.9930915371329879
raised,0.9908675799086758,0.9930915371329879
passes,0.9908675799086758,0.9930915371329879
beautiful,0.9908675799086758,0.9930915371329879
seeing,0.9908675799086758,0.9930915371329879
business,0.9908675799086758,0.9930915371329879
disappeared,0.9908675799086758,0.9930915371329879
returning,0.9908675799086758,0.9930915371329879
manufactory,0.9908675799086758,0.9930915371329879
childhood,0.9908675799086758,0.9930915371329879
courage,0.9908675799086758,0.9930915371329879
literature,0.9931506849315068,0.9930915371329879
distinct,0.9931506849315068,0.9930915371329879
class,0.9931506849315068,0.9930915371329879
though,0.9931506849315068,0.9930915371329879
school,0.9931506849315068,0.9930915371329879
became,0.9931506849315068,0.9930915371329879
brilliant,0.9931506849315068,0.9948186528497409
la,0.9931506849315068,0.9948186528497409
les,0.9931506849315068,0.9948186528497409
vols,0.9931506849315068,0.9948186528497409
2,0.9931506849315068,0.9948186528497409
sons,0.9931506849315068,0.9948186528497409
works,0.9931506849315068,0.9948186528497409
placed,0.9931506849315068,0.9948186528497409
welcome,0.9931506849315068,0.9948186528497409
sky,0.9931506849315068,0.9948186528497409
throw,0.9931506849315068,0.9948186528497409
begin,0.9931506849315068,0.9948186528497409
indifference,0.9931506849315068,0.9948186528497409
break,0.9931506849315068,0.9948186528497409
strength,0.9931506849315068,0.9948186528497409
reason,0.9931506849315068,0.9948186528497409
read,0.9931506849315068,0.9948186528497409
usually,0.9931506849315068,0.9948186528497409
opens,0.9931506849315068,0.9948186528497409
waited,0.9931506849315068,0.9948186528497409
roof,0.9931506849315068,0.9948186528497409
fall,0.9931506849315068,0.9948186528497409
carry,0.9931506849315068,0.9948186528497409
offer,0.9931506849315068,0.9948186528497409
feet,0.9931506849315068,0.9948186528497409
cities,0.9931506849315068,0.9948186528497409
unhappy,0.9931506849315068,0.9948186528497409
reality,0.9931506849315068,0.9948186528497409
enough,0.9931506849315068,0.9948186528497409
pity,0.9931506849315068,0.9948186528497409
frightened,0.9931506849315068,0.9948186528497409
wallflower,0.9931506849315068,0.9948186528497409
taste,0.9931506849315068,0.9948186528497409
brother,0.9931506849315068,0.9948186528497409
winter,0.9931506849315068,0.9948186528497409
show,0.9931506849315068,0.9948186528497409
felt,0.9931506849315068,0.9948186528497409
losing,0.9931506849315068,0.9948186528497409
sent,0.9931506849315068,0.9948186528497409
hat,0.9931506849315068,0.9948186528497409
neighbor,0.9931506849315068,0.9948186528497409
gently,0.9931506849315068,0.9948186528497409
coming,0.9931506849315068,0.9948186528497409
voices,0.9931506849315068,0.9948186528497409
admiration,0.9931506849315068,0.9948186528497409
question,0.9931506849315068,0.9948186528497409
obliged,0.9931506849315068,0.9948186528497409
events,0.9931506849315068,0.9948186528497409
party,0.9931506849315068,0.9948186528497409
liberty,0.9931506849315068,0.9948186528497409
tomorrow,0.9931506849315068,0.9948186528497409
alas,0.9931506849315068,0.9948186528497409
coarse,0.9931506849315068,0.9948186528497409
enjoyments,0.9931506849315068,0.9948186528497409
talking,0.9931506849315068,0.9948186528497409
rather,0.9931506849315068,0.9948186528497409
ye,0.9931506849315068,0.9948186528497409
figures,0.9931506849315068,0.9948186528497409
pictures,0.9931506849315068,0.9948186528497409
parisian,0.9931506849315068,0.9948186528497409
bookbinder,0.9931506849315068,0.9948186528497409
fever,0.9931506849315068,0.9948186528497409
comrade,0.9931506849315068,0.9948186528497409
oh,0.9931506849315068,0.9948186528497409
help,0.9931506849315068,0.9948186528497409
keep,0.9931506849315068,0.9948186528497409
sick,0.9931506849315068,0.9948186528497409
saying,0.9931506849315068,0.9948186528497409
fancy,0.9931506849315068,0.9948186528497409
vain,0.9931506849315068,0.9948186528497409
resumed,0.9931506849315068,0.9948186528497409
six,0.9931506849315068,0.9948186528497409
smile,0.9931506849315068,0.9948186528497409
got,0.9931506849315068,0.9948186528497409
picture,0.9931506849315068,0.9948186528497409
recognized,0.9931506849315068,0.9948186528497409
subject,0.9931506849315068,0.9948186528497409
sir,0.9931506849315068,0.9948186528497409
ought,0.9931506849315068,0.9948186528497409
nor,0.9931506849315068,0.9948186528497409
domestic,0.9931506849315068,0.9948186528497409
fields,0.9931506849315068,0.9948186528497409
trees,0.9931506849315068,0.9948186528497409
order,0.9931506849315068,0.9948186528497409
remember,0.9931506849315068,0.9948186528497409
sacrifice,0.9931506849315068,0.9948186528497409
looking,0.9931506849315068,0.9948186528497409
shadow,0.9931506849315068,0.9948186528497409
sudden,0.9931506849315068,0.9948186528497409
station,0.9931506849315068,0.9948186528497409
chance,0.9931506849315068,0.9948186528497409
deep,0.9931506849315068,0.9948186528497409
clear,0.9931506849315068,0.9948186528497409
showed,0.9931506849315068,0.9948186528497409
search,0.9931506849315068,0.9948186528497409
lot,0.9931506849315068,0.9948186528497409
beauty,0.9931506849315068,0.9948186528497409
eye,0.9931506849315068,0.9948186528497409
shelter,0.9931506849315068,0.9948186528497409
peace,0.9931506849315068,0.9948186528497409
social,0.9931506849315068,0.9965457685664939
houses,0.9931506849315068,0.9965457685664939
ourselves,0.9931506849315068,0.9965457685664939
imagination,0.9931506849315068,0.9965457685664939
words,0.9931506849315068,0.9965457685664939
gate,0.9931506849315068,0.9965457685664939
road,0.9931506849315068,0.9965457685664939
mason,0.9931506849315068,0.9965457685664939
servant,0.9931506849315068,0.9965457685664939
monsieur,0.9931506849315068,0.9965457685664939
sevres,0.9931506849315068,0.9965457685664939
elder,0.9931506849315068,0.9965457685664939
easily,0.9931506849315068,0.9965457685664939
gain,0.9954337899543378,0.9965457685664939
belonging,0.9954337899543378,0.9965457685664939
authors,0.9954337899543378,0.9965457685664939
obtained,0.9954337899543378,0.9965457685664939
emile,0.9954337899543378,0.9965457685664939
appointed,0.9954337899543378,0.9965457685664939
et,0.9954337899543378,0.9965457685664939
inhabitants,0.9954337899543378,0.9965457685664939
toits,0.9954337899543378,0.9965457685664939
created,0.9954337899543378,0.9965457685664939
partly,0.9954337899543378,0.9965457685664939
general,0.9954337899543378,0.9965457685664939
sorrow,0.9954337899543378,0.9965457685664939
although,0.9954337899543378,0.9965457685664939
french,0.9954337899543378,0.9965457685664939
spite,0.9954337899543378,0.9965457685664939
unfortunately,0.9954337899543378,0.9965457685664939
goes,0.9954337899543378,0.9965457685664939
truth,0.9954337899543378,0.9965457685664939
understand,0.9954337899543378,0.9965457685664939
custom,0.9954337899543378,0.9965457685664939
ten,0.9954337899543378,0.9965457685664939
added,0.9954337899543378,0.9965457685664939
beginning,0.9954337899543378,0.9965457685664939
piece,0.9954337899543378,0.9965457685664939
restored,0.9954337899543378,0.9965457685664939
self,0.9954337899543378,0.9965457685664939
enjoy,0.9954337899543378,0.9965457685664939
milk,0.9954337899543378,0.9965457685664939
pot,0.9954337899543378,0.9965457685664939
crust,0.9954337899543378,0.9965457685664939
grow,0.9954337899543378,0.9965457685664939
story,0.9954337899543378,0.9965457685664939
prospect,0.9954337899543378,0.9965457685664939
aspect,0.9954337899543378,0.9965457685664939
stone,0.9954337899543378,0.9965457685664939
rural,0.9954337899543378,0.9965457685664939
illusions,0.9954337899543378,0.9965457685664939
rises,0.9954337899543378,0.9965457685664939
horses,0.9954337899543378,0.9965457685664939
equipage,0.9954337899543378,0.9965457685664939
loaded,0.9954337899543378,0.9965457685664939
working,0.9954337899543378,0.9965457685664939
brave,0.9954337899543378,0.9965457685664939
twelve,0.9954337899543378,0.9965457685664939
knock,0.9954337899543378,0.9965457685664939
charming,0.9954337899543378,0.9965457685664939
account,0.9954337899543378,0.9965457685664939
principal,0.9954337899543378,0.9965457685664939
fell,0.9954337899543378,0.9965457685664939
cry,0.9954337899543378,0.9965457685664939
paulettes,0.9954337899543378,0.9965457685664939
patience,0.9954337899543378,0.9965457685664939
unexpected,0.9954337899543378,0.9965457685664939
use,0.9954337899543378,0.9965457685664939
clothes,0.9954337899543378,0.9965457685664939
wear,0.9954337899543378,0.9965457685664939
rain,0.9954337899543378,0.9965457685664939
francs,0.9954337899543378,0.9965457685664939
bright,0.9954337899543378,0.9965457685664939
arranged,0.9954337899543378,0.9965457685664939
bed,0.9954337899543378,0.9965457685664939
surprise,0.9954337899543378,0.9965457685664939
table,0.9954337899543378,0.9965457685664939
provided,0.9954337899543378,0.9965457685664939
childrens,0.9954337899543378,0.9965457685664939
tears,0.9954337899543378,0.9965457685664939
basket,0.9954337899543378,0.9965457685664939
lay,0.9954337899543378,0.9965457685664939
bursts,0.9954337899543378,0.9965457685664939
answered,0.9954337899543378,0.9965457685664939
ease,0.9954337899543378,0.9965457685664939
forget,0.9954337899543378,0.9965457685664939
suit,0.9954337899543378,0.9965457685664939
comfort,0.9954337899543378,0.9965457685664939
noise,0.9954337899543378,0.9965457685664939
doors,0.9954337899543378,0.9965457685664939
festivals,0.9954337899543378,0.9965457685664939
announces,0.9954337899543378,0.9965457685664939
feasts,0.9954337899543378,0.9965457685664939
farewell,0.9954337899543378,0.9965457685664939
privation,0.9954337899543378,0.9965457685664939
reasonable,0.9954337899543378,0.9965457685664939
need,0.9954337899543378,0.9965457685664939
setting,0.9954337899543378,0.9965457685664939
decent,0.9954337899543378,0.9965457685664939
fancies,0.9954337899543378,0.9965457685664939
foot,0.9954337899543378,0.9965457685664939
figure,0.9954337899543378,0.9965457685664939
envy,0.9954337899543378,0.9965457685664939
holidays,0.9954337899543378,0.9965457685664939
body,0.9954337899543378,0.9965457685664939
pleasures,0.9954337899543378,0.9965457685664939
leisure,0.9954337899543378,0.9965457685664939
relish,0.9954337899543378,0.9965457685664939
o,0.9954337899543378,0.9965457685664939
favorite,0.9954337899543378,0.9965457685664939
call,0.9954337899543378,0.9965457685664939
shows,0.9954337899543378,0.9965457685664939
promised,0.9954337899543378,0.9965457685664939
answer,0.9954337899543378,0.9965457685664939
fellow,0.9954337899543378,0.9965457685664939
condition,0.9954337899543378,0.9965457685664939
im,0.9954337899543378,0.9965457685664939
summer,0.9954337899543378,0.9965457685664939
friends,0.9954337899543378,0.9965457685664939
hardly,0.9954337899543378,0.9965457685664939
hanging,0.9954337899543378,0.9965457685664939
furniture,0.9954337899543378,0.9965457685664939
crusts,0.9954337899543378,0.9965457685664939
keeps,0.9954337899543378,0.9965457685664939
involuntarily,0.9954337899543378,0.9965457685664939
drew,0.9954337899543378,0.9965457685664939
copy,0.9954337899543378,0.9965457685664939
jordaens,0.9954337899543378,0.9965457685664939
taking,0.9954337899543378,0.9965457685664939
twenty,0.9954337899543378,0.9965457685664939
repeated,0.9954337899543378,0.9965457685664939
delight,0.9954337899543378,0.9965457685664939
relief,0.9954337899543378,0.9965457685664939
color,0.9954337899543378,0.9965457685664939
neither,0.9954337899543378,0.9965457685664939
shaded,0.9954337899543378,0.9965457685664939
cap,0.9954337899543378,0.9965457685664939
hedge,0.9954337899543378,0.9965457685664939
worthy,0.9954337899543378,0.9965457685664939
battle,0.9954337899543378,0.9965457685664939
thing,0.9954337899543378,0.9965457685664939
filled,0.9954337899543378,0.9965457685664939
cut,0.9954337899543378,0.9965457685664939
sleep,0.9954337899543378,0.9965457685664939
hesitation,0.9954337899543378,0.9965457685664939
minds,0.9954337899543378,0.9965457685664939
tell,0.9954337899543378,0.9965457685664939
middle,0.9954337899543378,0.9965457685664939
monotonous,0.9954337899543378,0.9965457685664939
fortune,0.9954337899543378,0.9965457685664939
blow,0.9954337899543378,0.9965457685664939
witnessed,0.9954337899543378,0.9965457685664939
reflection,0.9954337899543378,0.9965457685664939
single,0.9954337899543378,0.9965457685664939
possession,0.9954337899543378,0.9965457685664939
ruin,0.9954337899543378,0.9965457685664939
certain,0.9954337899543378,0.9965457685664939
accepted,0.9954337899543378,0.9965457685664939
fears,0.9954337899543378,0.9965457685664939
painful,0.9954337899543378,0.9965457685664939
quiet,0.9954337899543378,0.9965457685664939
tastes,0.9954337899543378,0.9965457685664939
secret,0.9954337899543378,0.9965457685664939
sowing,0.9954337899543378,0.9965457685664939
seeds,0.9954337899543378,0.9965457685664939
heat,0.9954337899543378,0.9965457685664939
glare,0.9954337899543378,0.9965457685664939
caused,0.9954337899543378,0.9965457685664939
habit,0.9954337899543378,0.9965457685664939
destroyed,0.9954337899543378,0.9965457685664939
tone,0.9954337899543378,0.9965457685664939
prudent,0.9954337899543378,0.9965457685664939
tree,0.9954337899543378,0.9965457685664939
forever,0.9954337899543378,0.9965457685664939
thou,0.9954337899543378,0.9965457685664939
attach,0.9954337899543378,0.9965457685664939
lilacs,0.9954337899543378,0.9965457685664939
perfume,0.9954337899543378,0.9965457685664939
walks,0.9954337899543378,0.9965457685664939
matter,0.9954337899543378,0.9965457685664939
gayety,0.9954337899543378,0.9965457685664939
collection,0.9954337899543378,0.9965457685664939
struggle,0.9954337899543378,0.9965457685664939
walked,0.9954337899543378,0.9965457685664939
iron,0.9954337899543378,0.998272884283247
blouse,0.9954337899543378,0.998272884283247
companion,0.9954337899543378,0.998272884283247
feelings,0.9954337899543378,0.998272884283247
meeting,0.9954337899543378,0.998272884283247
next,0.9954337899543378,0.998272884283247
floating,0.9954337899543378,0.998272884283247
arrived,0.9954337899543378,0.998272884283247
china,0.9954337899543378,0.998272884283247
virtues,0.9954337899543378,0.998272884283247
worked,0.9954337899543378,0.998272884283247
younger,0.9954337899543378,0.998272884283247
recalls,0.9954337899543378,0.998272884283247
journey,0.9954337899543378,0.998272884283247
motion,0.9954337899543378,0.998272884283247
woods,0.9954337899543378,0.998272884283247
deeply,0.9954337899543378,0.998272884283247
places,0.9954337899543378,0.998272884283247
interested,0.9954337899543378,0.998272884283247
maurice,0.9954337899543378,0.998272884283247
fete,0.9954337899543378,0.998272884283247
dieu,0.9954337899543378,0.998272884283247
procession,0.9954337899543378,0.998272884283247
steady,0.997716894977169,0.998272884283247
known,0.997716894977169,0.998272884283247
outside,0.997716894977169,0.998272884283247
born,0.997716894977169,0.998272884283247
morlaix,0.997716894977169,0.998272884283247
fathers,0.997716894977169,0.998272884283247
entirely,0.997716894977169,0.998272884283247
newspaper,0.997716894977169,0.998272884283247
professor,0.997716894977169,0.998272884283247
morals,0.997716894977169,0.998272884283247
deserve,0.997716894977169,0.998272884283247
newly,0.997716894977169,0.998272884283247
held,0.997716894977169,0.998272884283247
remain,0.997716894977169,0.998272884283247
experienced,0.997716894977169,0.998272884283247
loss,0.997716894977169,0.998272884283247
discovered,0.997716894977169,0.998272884283247
families,0.997716894977169,0.998272884283247
efforts,0.997716894977169,0.998272884283247
smiles,0.997716894977169,0.998272884283247
gloomy,0.997716894977169,0.998272884283247
bad,0.997716894977169,0.998272884283247
meaning,0.997716894977169,0.998272884283247
whence,0.997716894977169,0.998272884283247
vulgar,0.997716894977169,0.998272884283247
parenthesis,0.997716894977169,0.998272884283247
february,0.997716894977169,0.998272884283247
presents,0.997716894977169,0.998272884283247
addressed,0.997716894977169,0.998272884283247
preserves,0.997716894977169,0.998272884283247
empty,0.997716894977169,0.998272884283247
else,0.997716894977169,0.998272884283247
rolls,0.997716894977169,0.998272884283247
sugar,0.997716894977169,0.998272884283247
takes,0.997716894977169,0.998272884283247
tempers,0.997716894977169,0.998272884283247
operaglass,0.997716894977169,0.998272884283247
mistaken,0.997716894977169,0.998272884283247
smoke,0.997716894977169,0.998272884283247
lastly,0.997716894977169,0.998272884283247
expected,0.997716894977169,0.998272884283247
bandboxes,0.997716894977169,0.998272884283247
gift,0.997716894977169,0.998272884283247
chosen,0.997716894977169,0.998272884283247
murmurs,0.997716894977169,0.998272884283247
ocean,0.997716894977169,0.998272884283247
toil,0.997716894977169,0.998272884283247
fond,0.997716894977169,0.998272884283247
selfsacrifice,0.997716894977169,0.998272884283247
title,0.997716894977169,0.998272884283247
loud,0.997716894977169,0.998272884283247
study,0.997716894977169,0.998272884283247
saddened,0.997716894977169,0.998272884283247
deceived,0.997716894977169,0.998272884283247
pale,0.997716894977169,0.998272884283247
timid,0.997716894977169,0.998272884283247
appears,0.997716894977169,0.998272884283247
happiest,0.997716894977169,0.998272884283247
winds,0.997716894977169,0.998272884283247
alarms,0.997716894977169,0.998272884283247
strike,0.997716894977169,0.998272884283247
weaker,0.997716894977169,0.998272884283247
escaped,0.997716894977169,0.998272884283247
confusion,0.997716894977169,0.998272884283247
chaos,0.997716894977169,0.998272884283247
grateful,0.997716894977169,0.998272884283247
planted,0.997716894977169,0.998272884283247
perseverance,0.997716894977169,0.998272884283247
paper,0.997716894977169,0.998272884283247
attention,0.997716894977169,0.998272884283247
goodwill,0.997716894977169,0.998272884283247
dawn,0.997716894977169,0.998272884283247
questioned,0.997716894977169,0.998272884283247
calls,0.997716894977169,0.998272884283247
helps,0.997716894977169,0.998272884283247
content,0.997716894977169,0.998272884283247
sale,0.997716894977169,0.998272884283247
bandboxmaker,0.997716894977169,0.998272884283247
immediately,0.997716894977169,0.998272884283247
hastily,0.997716894977169,0.998272884283247
five,0.997716894977169,0.998272884283247
savoyard,0.997716894977169,0.998272884283247
earlier,0.997716894977169,0.998272884283247
lest,0.997716894977169,0.998272884283247
stands,0.997716894977169,0.998272884283247
draw,0.997716894977169,0.998272884283247
comprehend,0.997716894977169,0.998272884283247
arrival,0.997716894977169,0.998272884283247
hubbub,0.997716894977169,0.998272884283247
wretchedness,0.997716894977169,0.998272884283247
difficult,0.997716894977169,0.998272884283247
simple,0.997716894977169,0.998272884283247
maskers,0.997716894977169,0.998272884283247
literally,0.997716894977169,0.998272884283247
flesh,0.997716894977169,0.998272884283247
forty,0.997716894977169,0.998272884283247
blessed,0.997716894977169,0.998272884283247
rising,0.997716894977169,0.998272884283247
fools,0.997716894977169,0.998272884283247
exhausted,0.997716894977169,0.998272884283247
disposal,0.997716894977169,0.998272884283247
industry,0.997716894977169,0.998272884283247
amusements,0.997716894977169,0.998272884283247
everybody,0.997716894977169,0.998272884283247
cup,0.997716894977169,0.998272884283247
meudon,0.997716894977169,0.998272884283247
book,0.997716894977169,0.998272884283247
amusement,0.997716894977169,0.998272884283247
recollected,0.997716894977169,0.998272884283247
refusal,0.997716894977169,0.998272884283247
pen,0.997716894977169,0.998272884283247
ideas,0.997716894977169,0.998272884283247
dictionary,0.997716894977169,0.998272884283247
english,0.997716894977169,0.998272884283247
whether,0.997716894977169,0.998272884283247
waterman,0.997716894977169,0.998272884283247
tried,0.997716894977169,0.998272884283247
stamped,0.997716894977169,0.998272884283247
spend,0.997716894977169,0.998272884283247
pray,0.997716894977169,0.998272884283247
finished,0.997716894977169,0.998272884283247
rags,0.997716894977169,0.998272884283247
wall,0.997716894977169,0.998272884283247
soaking,0.997716894977169,0.998272884283247
wonderful,0.997716894977169,0.998272884283247
worth,0.997716894977169,0.998272884283247
mistook,0.997716894977169,0.998272884283247
louis,0.997716894977169,0.998272884283247
bargain,0.997716894977169,0.998272884283247
notice,0.997716894977169,0.998272884283247
exclamation,0.997716894977169,0.998272884283247
contemplating,0.997716894977169,0.998272884283247
lights,0.997716894977169,0.998272884283247
skill,0.997716894977169,0.998272884283247
thinking,0.997716894977169,0.998272884283247
bachelors,0.997716894977169,0.998272884283247
housekeeping,0.997716894977169,0.998272884283247
spiritual,0.997716894977169,0.998272884283247
delightful,0.997716894977169,0.998272884283247
arabian,0.997716894977169,0.998272884283247
coffeepot,0.997716894977169,0.998272884283247
fragrant,0.997716894977169,0.998272884283247
increases,0.997716894977169,0.998272884283247
view,0.997716894977169,0.998272884283247
distinguish,0.997716894977169,0.998272884283247
waiting,0.997716894977169,0.998272884283247
farther,0.997716894977169,0.998272884283247
notwithstanding,0.997716894977169,0.998272884283247
sleeps,0.997716894977169,0.998272884283247
helping,0.997716894977169,0.998272884283247
sitting,0.997716894977169,0.998272884283247
hold,0.997716894977169,0.998272884283247
yourself,0.997716894977169,0.998272884283247
recall,0.997716894977169,0.998272884283247
sing,0.997716894977169,0.998272884283247
nuts,0.997716894977169,0.998272884283247
ruining,0.997716894977169,0.998272884283247
march,0.997716894977169,0.998272884283247
happened,0.997716894977169,0.998272884283247
quietly,0.997716894977169,0.998272884283247
spring,0.997716894977169,0.998272884283247
sweet,0.997716894977169,0.998272884283247
thy,0.997716894977169,0.998272884283247
shadows,0.997716894977169,0.998272884283247
cloudy,0.997716894977169,0.998272884283247
scenes,0.997716894977169,0.998272884283247
darker,0.997716894977169,0.998272884283247
lower,0.997716894977169,0.998272884283247
accustomed,0.997716894977169,0.998272884283247
spot,0.997716894977169,0.998272884283247
sure,0.997716894977169,0.998272884283247
succession,0.997716894977169,0.998272884283247
formerly,0.997716894977169,0.998272884283247
loved,0.997716894977169,0.998272884283247
remarked,0.997716894977169,0.998272884283247
hangings,0.997716894977169,0.998272884283247
suffers,0.997716894977169,0.998272884283247
elegant,0.997716894977169,0.998272884283247
misfortune,0.997716894977169,0.998272884283247
furnish,0.997716894977169,0.998272884283247
property,0.997716894977169,0.998272884283247
prosperity,0.997716894977169,0.998272884283247
lesson,0.997716894977169,0.998272884283247
freedom,0.997716894977169,0.998272884283247
consider,0.997716894977169,0.998272884283247
brings,0.997716894977169,0.998272884283247
knew,0.997716894977169,0.998272884283247
dwelling,0.997716894977169,0.998272884283247
doubts,0.997716894977169,0.998272884283247
fate,0.997716894977169,0.998272884283247
oclockthe,0.997716894977169,0.998272884283247
stern,0.997716894977169,0.998272884283247
hairs,0.997716894977169,0.998272884283247
youth,0.997716894977169,0.998272884283247
novelty,0.997716894977169,0.998272884283247
boxes,0.997716894977169,0.998272884283247
weeds,0.997716894977169,0.998272884283247
arrange,0.997716894977169,0.998272884283247
climb,0.997716894977169,0.998272884283247
labor,0.997716894977169,0.998272884283247
leaves,0.997716894977169,0.998272884283247
example,0.997716894977169,0.998272884283247
quick,0.997716894977169,0.998272884283247
duty,0.997716894977169,0.998272884283247
front,0.997716894977169,0.998272884283247
employed,0.997716894977169,0.998272884283247
warning,0.997716894977169,0.998272884283247
says,0.997716894977169,0.998272884283247
retained,0.997716894977169,0.998272884283247
surrounds,0.997716894977169,0.998272884283247
friendly,0.997716894977169,0.998272884283247
evil,0.997716894977169,0.998272884283247
spared,0.997716894977169,0.998272884283247
award,0.997716894977169,0.998272884283247
declined,0.997716894977169,0.998272884283247
gentle,0.997716894977169,0.998272884283247
wished,0.997716894977169,0.998272884283247
rock,0.997716894977169,0.998272884283247
fine,0.997716894977169,0.998272884283247
breathe,0.997716894977169,0.998272884283247
weary,0.997716894977169,0.998272884283247
shake,0.997716894977169,0.998272884283247
stars,0.997716894977169,0.998272884283247
lanterns,0.997716894977169,0.998272884283247
laid,0.997716894977169,0.998272884283247
strengthen,0.997716894977169,0.998272884283247
spirit,0.997716894977169,0.998272884283247
steps,0.997716894977169,0.998272884283247
museum,0.997716894977169,0.998272884283247
animals,0.997716894977169,0.998272884283247
distant,0.997716894977169,0.998272884283247
display,0.997716894977169,0.998272884283247
classi,0.997716894977169,0.998272884283247
jessamine,0.997716894977169,0.998272884283247
meditation,0.997716894977169,0.998272884283247
noticed,0.997716894977169,0.998272884283247
holding,0.997716894977169,0.998272884283247
hid,0.997716894977169,0.998272884283247
lamps,0.997716894977169,0.998272884283247
bloody,0.997716894977169,0.998272884283247
affluence,0.997716894977169,0.998272884283247
retired,0.997716894977169,0.998272884283247
bottom,0.997716894977169,0.998272884283247
defeat,0.997716894977169,0.998272884283247
displace,0.997716894977169,0.998272884283247
sounds,0.997716894977169,0.998272884283247
duvals,0.997716894977169,0.998272884283247
belongs,0.997716894977169,0.998272884283247
gilt,0.997716894977169,0.998272884283247
details,0.997716894977169,0.998272884283247
interest,0.997716894977169,0.998272884283247
duval,0.997716894977169,0.998272884283247
wore,0.997716894977169,0.998272884283247
trousers,0.997716894977169,0.998272884283247
polished,0.997716894977169,0.998272884283247
leather,0.997716894977169,0.998272884283247
guide,0.997716894977169,0.998272884283247
industrious,0.997716894977169,0.998272884283247
evident,0.997716894977169,0.998272884283247
exclamations,0.997716894977169,0.998272884283247
either,0.997716894977169,0.998272884283247
trying,0.997716894977169,0.998272884283247
goodby,0.997716894977169,0.998272884283247
sides,0.997716894977169,0.998272884283247
compensation,0.997716894977169,0.998272884283247
sole,0.997716894977169,0.998272884283247
sea,0.997716894977169,0.998272884283247
clock,0.997716894977169,1.0
tied,0.997716894977169,1.0
possess,0.997716894977169,1.0
thirty,0.997716894977169,1.0
companions,0.997716894977169,1.0
involuntary,0.997716894977169,1.0
crown,0.997716894977169,1.0
expedition,0.997716894977169,1.0
prisoners,0.997716894977169,1.0
delighted,0.997716894977169,1.0
pleased,0.997716894977169,1.0
celebration,0.997716894977169,1.0
saucer,0.997716894977169,1.0
plant,0.997716894977169,1.0
charm,0.997716894977169,1.0
blessings,0.997716894977169,1.0
top,0.997716894977169,1.0
breath,0.997716894977169,1.0
boughs,0.997716894977169,1.0
soul,0.997716894977169,1.0
below,0.997716894977169,1.0
prominent,1.0,1.0
faithful,1.0,1.0
unless,1.0,1.0
personality,1.0,1.0
writer,1.0,1.0
group,1.0,1.0
pontivy,1.0,1.0
polytechnic,1.0,1.0
1823,1.0,1.0
matriculated,1.0,1.0
student,1.0,1.0
tragedy,1.0,1.0
pronounced,1.0,1.0
failure,1.0,1.0
disheartened,1.0,1.0
brest,1.0,1.0
mulhouse,1.0,1.0
consequence,1.0,1.0
lechelle,1.0,1.0
riche,1.0,1.0
pauvre,1.0,1.0
novels,1.0,1.0
essays,1.0,1.0
purpose,1.0,1.0
moralist,1.0,1.0
impressive,1.0,1.0
bretons,1.0,1.0
landais,1.0,1.0
1850,1.0,1.0
ouvrier,1.0,1.0
1851,1.0,1.0
vieillard,1.0,1.0
pittoresque,1.0,1.0
finally,1.0,1.0
causeries,1.0,1.0
honorable,1.0,1.0
henri,1.0,1.0
1842,1.0,1.0
1848,1.0,1.0
popular,1.0,1.0
lectures,1.0,1.0
post,1.0,1.0
literary,1.0,1.0
extinguished,1.0,1.0
rank,1.0,1.0
confreres,1.0,1.0
esteem,1.0,1.0
alive,1.0,1.0
probity,1.0,1.0
republique,1.0,1.0
academie,1.0,1.0
revert,1.0,1.0
determine,1.0,1.0
bellows,1.0,1.0
pauses,1.0,1.0
prove,1.0,1.0
evidence,1.0,1.0
thence,1.0,1.0
wishing,1.0,1.0
symbolic,1.0,1.0
figs,1.0,1.0
emblems,1.0,1.0
sweetness,1.0,1.0
auspices,1.0,1.0
stips,1.0,1.0
speech,1.0,1.0
dissatisfied,1.0,1.0
portress,1.0,1.0
anyone,1.0,1.0
main,1.0,1.0
nibble,1.0,1.0
englishman,1.0,1.0
hanged,1.0,1.0
alpine,1.0,1.0
snowstorm,1.0,1.0
tiles,1.0,1.0
pigeons,1.0,1.0
kitchen,1.0,1.0
vile,1.0,1.0
hurt,1.0,1.0
visible,1.0,1.0
servants,1.0,1.0
toys,1.0,1.0
presented,1.0,1.0
gets,1.0,1.0
distribute,1.0,1.0
friendslost,1.0,1.0
intoxicating,1.0,1.0
polar,1.0,1.0
tread,1.0,1.0
lengthen,1.0,1.0
weeping,1.0,1.0
resolutely,1.0,1.0
symbolical,1.0,1.0
brown,1.0,1.0
complained,1.0,1.0
greets,1.0,1.0
champ,1.0,1.0
panic,1.0,1.0
reentered,1.0,1.0
bloom,1.0,1.0
reared,1.0,1.0
belonged,1.0,1.0
compliments,1.0,1.0
dispelled,1.0,1.0
brightest,1.0,1.0
match,1.0,1.0
blows,1.0,1.0
using,1.0,1.0
earthen,1.0,1.0
chafingdish,1.0,1.0
cook,1.0,1.0
resign,1.0,1.0
informed,1.0,1.0
repair,1.0,1.0
stock,1.0,1.0
staircase,1.0,1.0
interrupt,1.0,1.0
burns,1.0,1.0
inbut,1.0,1.0
stairs,1.0,1.0
ecstasies,1.0,1.0
ended,1.0,1.0
chestnuts,1.0,1.0
bottles,1.0,1.0
merriment,1.0,1.0
used,1.0,1.0
separate,1.0,1.0
amiss,1.0,1.0
murmur,1.0,1.0
20th,1.0,1.0
pagan,1.0,1.0
pullets,1.0,1.0
restraint,1.0,1.0
incongruous,1.0,1.0
horseback,1.0,1.0
curiosity,1.0,1.0
unsightly,1.0,1.0
easy,1.0,1.0
cheerfulness,1.0,1.0
philosophers,1.0,1.0
quest,1.0,1.0
shame,1.0,1.0
occasions,1.0,1.0
bookcase,1.0,1.0
parson,1.0,1.0
slangvoltaire,1.0,1.0
themmoliere,1.0,1.0
thinklesage,1.0,1.0
bitterness,1.0,1.0
writings,1.0,1.0
garb,1.0,1.0
cowardly,1.0,1.0
fabrice,1.0,1.0
granada,1.0,1.0
duke,1.0,1.0
scipio,1.0,1.0
graceful,1.0,1.0
hither,1.0,1.0
passion,1.0,1.0
drawing,1.0,1.0
paintingprobably,1.0,1.0
england,1.0,1.0
beg,1.0,1.0
translate,1.0,1.0
bath,1.0,1.0
rub,1.0,1.0
sally,1.0,1.0
trembles,1.0,1.0
stumbles,1.0,1.0
johnson,1.0,1.0
enter,1.0,1.0
violent,1.0,1.0
astonished,1.0,1.0
miss,1.0,1.0
provoked,1.0,1.0
consequences,1.0,1.0
weak,1.0,1.0
porter,1.0,1.0
hackney,1.0,1.0
damp,1.0,1.0
number,1.0,1.0
sucree,1.0,1.0
hermit,1.0,1.0
ashamed,1.0,1.0
rummaged,1.0,1.0
represented,1.0,1.0
seated,1.0,1.0
daughter,1.0,1.0
accompaniment,1.0,1.0
admired,1.0,1.0
count,1.0,1.0
pencil,1.0,1.0
pearl,1.0,1.0
emptied,1.0,1.0
precious,1.0,1.0
casting,1.0,1.0
ecstasy,1.0,1.0
transparency,1.0,1.0
expect,1.0,1.0
cast,1.0,1.0
anger,1.0,1.0
proved,1.0,1.0
arts,1.0,1.0
boiling,1.0,1.0
midpoint,1.0,1.0
acts,1.0,1.0
agreeably,1.0,1.0
lends,1.0,1.0
fender,1.0,1.0
bean,1.0,1.0
steam,1.0,1.0
mirages,1.0,1.0
desert,1.0,1.0
cottage,1.0,1.0
branches,1.0,1.0
ghost,1.0,1.0
bubbling,1.0,1.0
tin,1.0,1.0
hale,1.0,1.0
countrywoman,1.0,1.0
glutton,1.0,1.0
measuring,1.0,1.0
dear,1.0,1.0
native,1.0,1.0
repaid,1.0,1.0
handful,1.0,1.0
dears,1.0,1.0
thirst,1.0,1.0
repose,1.0,1.0
reports,1.0,1.0
uncertain,1.0,1.0
restlessi,1.0,1.0
daylaborer,1.0,1.0
lines,1.0,1.0
confidant,1.0,1.0
bold,1.0,1.0
4thsee,1.0,1.0
poets,1.0,1.0
gladsome,1.0,1.0
array,1.0,1.0
renew,1.0,1.0
claim,1.0,1.0
scatter,1.0,1.0
picturesque,1.0,1.0
contemplated,1.0,1.0
heights,1.0,1.0
blaze,1.0,1.0
studied,1.0,1.0
flora,1.0,1.0
mosses,1.0,1.0
reynard,1.0,1.0
ambush,1.0,1.0
aspects,1.0,1.0
upper,1.0,1.0
brighter,1.0,1.0
perch,1.0,1.0
ledges,1.0,1.0
chirp,1.0,1.0
presence,1.0,1.0
bend,1.0,1.0
alight,1.0,1.0
victims,1.0,1.0
foolish,1.0,1.0
funds,1.0,1.0
bourse,1.0,1.0
pricked,1.0,1.0
paw,1.0,1.0
tabbycat,1.0,1.0
gutter,1.0,1.0
cunning,1.0,1.0
lying,1.0,1.0
accused,1.0,1.0
stopping,1.0,1.0
shadowed,1.0,1.0
songstress,1.0,1.0
vocal,1.0,1.0
flourishes,1.0,1.0
elegantly,1.0,1.0
guess,1.0,1.0
safely,1.0,1.0
coast,1.0,1.0
employ,1.0,1.0
employment,1.0,1.0
prize,1.0,1.0
encroaching,1.0,1.0
multiply,1.0,1.0
decide,1.0,1.0
ribbon,1.0,1.0
midair,1.0,1.0
grace,1.0,1.0
watching,1.0,1.0
frail,1.0,1.0
germs,1.0,1.0
driven,1.0,1.0
nasturtium,1.0,1.0
protect,1.0,1.0
tendrils,1.0,1.0
blinding,1.0,1.0
perfumed,1.0,1.0
sow,1.0,1.0
tend,1.0,1.0
growth,1.0,1.0
particular,1.0,1.0
loses,1.0,1.0
big,1.0,1.0
gentleman,1.0,1.0
afraid,1.0,1.0
pretty,1.0,1.0
elaborate,1.0,1.0
cloak,1.0,1.0
spotted,1.0,1.0
hail,1.0,1.0
catch,1.0,1.0
hailstones,1.0,1.0
rounds,1.0,1.0
martial,1.0,1.0
transformations,1.0,1.0
hardiest,1.0,1.0
joiner,1.0,1.0
cornices,1.0,1.0
mud,1.0,1.0
constancy,1.0,1.0
forsake,1.0,1.0
outward,1.0,1.0
language,1.0,1.0
suited,1.0,1.0
financial,1.0,1.0
hangs,1.0,1.0
damocles,1.0,1.0
besidesexcept,1.0,1.0
anticipate,1.0,1.0
excess,1.0,1.0
palm,1.0,1.0
speculation,1.0,1.0
entertained,1.0,1.0
beloved,1.0,1.0
stay,1.0,1.0
sobriety,1.0,1.0
remove,1.0,1.0
impart,1.0,1.0
grudging,1.0,1.0
cable,1.0,1.0
hyacinths,1.0,1.0
flowergirlsall,1.0,1.0
plaster,1.0,1.0
wheels,1.0,1.0
restless,1.0,1.0
fierce,1.0,1.0
ballrooms,1.0,1.0
eatingshops,1.0,1.0
aside,1.0,1.0
ruler,1.0,1.0
thebes,1.0,1.0
mix,1.0,1.0
beams,1.0,1.0
favors,1.0,1.0
handbills,1.0,1.0
gained,1.0,1.0
palmtree,1.0,1.0
jardin,1.0,1.0
selling,1.0,1.0
pontneuf,1.0,1.0
mimic,1.0,1.0
bison,1.0,1.0
africa,1.0,1.0
illustrated,1.0,1.0
news,1.0,1.0
certainly,1.0,1.0
quarters,1.0,1.0
settle,1.0,1.0
continual,1.0,1.0
ladder,1.0,1.0
chinese,1.0,1.0
glades,1.0,1.0
author,1.0,1.0
vast,1.0,1.0
glance,1.0,1.0
speaker,1.0,1.0
mutilated,1.0,1.0
inscription,1.0,1.0
fiction,1.0,1.0
wearisome,1.0,1.0
actual,1.0,1.0
bare,1.0,1.0
destitution,1.0,1.0
buttoned,1.0,1.0
hair,1.0,1.0
humiliation,1.0,1.0
importunities,1.0,1.0
glad,1.0,1.0
silver,1.0,1.0
dropped,1.0,1.0
unexpectedly,1.0,1.0
saddest,1.0,1.0
propounded,1.0,1.0
uselessness,1.0,1.0
zealots,1.0,1.0
abel,1.0,1.0
ostentation,1.0,1.0
instantly,1.0,1.0
suppose,1.0,1.0
childstealers,1.0,1.0
policeoffice,1.0,1.0
thats,1.0,1.0
suggestions,1.0,1.0
louder,1.0,1.0
boulevardsrue,1.0,1.0
posterngate,1.0,1.0
plaits,1.0,1.0
patched,1.0,1.0
indicated,1.0,1.0
darned,1.0,1.0
merry,1.0,1.0
experience,1.0,1.0
printshops,1.0,1.0
engravings,1.0,1.0
nouvelle,1.0,1.0
agitated,1.0,1.0
uttered,1.0,1.0
warmly,1.0,1.0
mark,1.0,1.0
enormous,1.0,1.0
add,1.0,1.0
reminded,1.0,1.0
forgive,1.0,1.0
headboy,1.0,1.0
play,1.0,1.0
pensive,1.0,1.0
cursing,1.0,1.0
problem,1.0,1.0
examine,1.0,1.0
regard,1.0,1.0
flight,1.0,1.0
seat,1.0,1.0
blooming,1.0,1.0
remarkable,1.0,1.0
turnipfield,1.0,1.0
practical,1.0,1.0
babylon,1.0,1.0
artists,1.0,1.0
travellers,1.0,1.0
hero,1.0,1.0
peoples,1.0,1.0
oyster,1.0,1.0
curious,1.0,1.0
vestige,1.0,1.0
gypsies,1.0,1.0
resembles,1.0,1.0
contains,1.0,1.0
surface,1.0,1.0
tumult,1.0,1.0
removed,1.0,1.0
turmoil,1.0,1.0
distance,1.0,1.0
grief,1.0,1.0
various,1.0,1.0
household,1.0,1.0
bachelor,1.0,1.0
deductions,1.0,1.0
blacked,1.0,1.0
brushed,1.0,1.0
pronounce,1.0,1.0
resolve,1.0,1.0
depart,1.0,1.0
submit,1.0,1.0
degree,1.0,1.0
qualities,1.0,1.0
geographical,1.0,1.0
lacedaemonians,1.0,1.0
bulky,1.0,1.0
conveniently,1.0,1.0
minutes,1.0,1.0
orphans,1.0,1.0
passages,1.0,1.0
daylight,1.0,1.0
marked,1.0,1.0
tenderness,1.0,1.0
obeying,1.0,1.0
railroad,1.0,1.0
shocks,1.0,1.0
grievous,1.0,1.0
deception,1.0,1.0
yield,1.0,1.0
philosophically,1.0,1.0
amuse,1.0,1.0
unceasing,1.0,1.0
rapidity,1.0,1.0
utter,1.0,1.0
express,1.0,1.0
declares,1.0,1.0
alarm,1.0,1.0
deficit,1.0,1.0
landscape,1.0,1.0
flowerseeds,1.0,1.0
layers,1.0,1.0
anything,1.0,1.0
reaching,1.0,1.0
eating,1.0,1.0
drawingroom,1.0,1.0
listless,1.0,1.0
heartiness,1.0,1.0
religion,1.0,1.0
porcelain,1.0,1.0
regal,1.0,1.0
magnificence,1.0,1.0
eldest,1.0,1.0
encourage,1.0,1.0
tinted,1.0,1.0
substances,1.0,1.0
essential,1.0,1.0
connection,1.0,1.0
admit,1.0,1.0
jars,1.0,1.0
historical,1.0,1.0
workmanship,1.0,1.0
specimen,1.0,1.0
oftenest,1.0,1.0
mistakes,1.0,1.0
recover,1.0,1.0
useless,1.0,1.0
invited,1.0,1.0
goodnature,1.0,1.0
daisies,1.0,1.0
